"","location","month","day","temperature","flag","date"
"1","Death Valley","01","1",51,"S",0000-01-01
"2","Death Valley","01","2",51.2,"S",0000-01-02
"3","Death Valley","01","3",51.3,"S",0000-01-03
"4","Death Valley","01","4",51.4,"S",0000-01-04
"5","Death Valley","01","5",51.6,"S",0000-01-05
"6","Death Valley","01","6",51.7,"S",0000-01-06
"7","Death Valley","01","7",51.9,"S",0000-01-07
"8","Death Valley","01","8",52,"S",0000-01-08
"9","Death Valley","01","9",52.2,"S",0000-01-09
"10","Death Valley","01","10",52.3,"S",0000-01-10
"11","Death Valley","01","11",52.5,"S",0000-01-11
"12","Death Valley","01","12",52.7,"S",0000-01-12
"13","Death Valley","01","13",52.9,"S",0000-01-13
"14","Death Valley","01","14",53,"S",0000-01-14
"15","Death Valley","01","15",53.2,"S",0000-01-15
"16","Death Valley","01","16",53.4,"S",0000-01-16
"17","Death Valley","01","17",53.6,"S",0000-01-17
"18","Death Valley","01","18",53.7,"S",0000-01-18
"19","Death Valley","01","19",53.9,"S",0000-01-19
"20","Death Valley","01","20",54.1,"S",0000-01-20
"21","Death Valley","01","21",54.3,"S",0000-01-21
"22","Death Valley","01","22",54.5,"S",0000-01-22
"23","Death Valley","01","23",54.6,"S",0000-01-23
"24","Death Valley","01","24",54.8,"S",0000-01-24
"25","Death Valley","01","25",55,"S",0000-01-25
"26","Death Valley","01","26",55.2,"S",0000-01-26
"27","Death Valley","01","27",55.4,"S",0000-01-27
"28","Death Valley","01","28",55.6,"S",0000-01-28
"29","Death Valley","01","29",55.8,"S",0000-01-29
"30","Death Valley","01","30",56,"S",0000-01-30
"31","Death Valley","01","31",56.2,"S",0000-01-31
"32","Death Valley","02","1",56.4,"S",0000-02-01
"33","Death Valley","02","2",56.6,"S",0000-02-02
"34","Death Valley","02","3",56.8,"S",0000-02-03
"35","Death Valley","02","4",57,"S",0000-02-04
"36","Death Valley","02","5",57.2,"S",0000-02-05
"37","Death Valley","02","6",57.5,"S",0000-02-06
"38","Death Valley","02","7",57.7,"S",0000-02-07
"39","Death Valley","02","8",57.9,"S",0000-02-08
"40","Death Valley","02","9",58.2,"S",0000-02-09
"41","Death Valley","02","10",58.4,"S",0000-02-10
"42","Death Valley","02","11",58.7,"S",0000-02-11
"43","Death Valley","02","12",58.9,"S",0000-02-12
"44","Death Valley","02","13",59.2,"S",0000-02-13
"45","Death Valley","02","14",59.5,"S",0000-02-14
"46","Death Valley","02","15",59.8,"S",0000-02-15
"47","Death Valley","02","16",60.1,"S",0000-02-16
"48","Death Valley","02","17",60.3,"S",0000-02-17
"49","Death Valley","02","18",60.6,"S",0000-02-18
"50","Death Valley","02","19",60.9,"S",0000-02-19
"51","Death Valley","02","20",61.2,"S",0000-02-20
"52","Death Valley","02","21",61.6,"S",0000-02-21
"53","Death Valley","02","22",61.9,"S",0000-02-22
"54","Death Valley","02","23",62.2,"S",0000-02-23
"55","Death Valley","02","24",62.5,"S",0000-02-24
"56","Death Valley","02","25",62.8,"S",0000-02-25
"57","Death Valley","02","26",63.2,"S",0000-02-26
"58","Death Valley","02","27",63.5,"S",0000-02-27
"59","Death Valley","02","28",63.8,"S",0000-02-28
"60","Death Valley","02","29",64,"S",0000-02-29
"61","Death Valley","03","1",64.1,"S",0000-03-01
"62","Death Valley","03","2",64.5,"S",0000-03-02
"63","Death Valley","03","3",64.8,"S",0000-03-03
"64","Death Valley","03","4",65.1,"S",0000-03-04
"65","Death Valley","03","5",65.4,"S",0000-03-05
"66","Death Valley","03","6",65.7,"S",0000-03-06
"67","Death Valley","03","7",66,"S",0000-03-07
"68","Death Valley","03","8",66.3,"S",0000-03-08
"69","Death Valley","03","9",66.7,"S",0000-03-09
"70","Death Valley","03","10",67,"S",0000-03-10
"71","Death Valley","03","11",67.2,"S",0000-03-11
"72","Death Valley","03","12",67.5,"S",0000-03-12
"73","Death Valley","03","13",67.8,"S",0000-03-13
"74","Death Valley","03","14",68.1,"S",0000-03-14
"75","Death Valley","03","15",68.4,"S",0000-03-15
"76","Death Valley","03","16",68.6,"S",0000-03-16
"77","Death Valley","03","17",68.9,"S",0000-03-17
"78","Death Valley","03","18",69.2,"S",0000-03-18
"79","Death Valley","03","19",69.4,"S",0000-03-19
"80","Death Valley","03","20",69.7,"S",0000-03-20
"81","Death Valley","03","21",69.9,"S",0000-03-21
"82","Death Valley","03","22",70.1,"S",0000-03-22
"83","Death Valley","03","23",70.4,"S",0000-03-23
"84","Death Valley","03","24",70.6,"S",0000-03-24
"85","Death Valley","03","25",70.8,"S",0000-03-25
"86","Death Valley","03","26",71.1,"S",0000-03-26
"87","Death Valley","03","27",71.3,"S",0000-03-27
"88","Death Valley","03","28",71.5,"S",0000-03-28
"89","Death Valley","03","29",71.7,"S",0000-03-29
"90","Death Valley","03","30",71.9,"S",0000-03-30
"91","Death Valley","03","31",72.2,"S",0000-03-31
"92","Death Valley","04","1",72.4,"S",0000-04-01
"93","Death Valley","04","2",72.6,"S",0000-04-02
"94","Death Valley","04","3",72.8,"S",0000-04-03
"95","Death Valley","04","4",73.1,"S",0000-04-04
"96","Death Valley","04","5",73.3,"S",0000-04-05
"97","Death Valley","04","6",73.5,"S",0000-04-06
"98","Death Valley","04","7",73.8,"S",0000-04-07
"99","Death Valley","04","8",74,"S",0000-04-08
"100","Death Valley","04","9",74.3,"S",0000-04-09
"101","Death Valley","04","10",74.5,"S",0000-04-10
"102","Death Valley","04","11",74.8,"S",0000-04-11
"103","Death Valley","04","12",75.1,"S",0000-04-12
"104","Death Valley","04","13",75.3,"S",0000-04-13
"105","Death Valley","04","14",75.6,"S",0000-04-14
"106","Death Valley","04","15",75.9,"S",0000-04-15
"107","Death Valley","04","16",76.2,"S",0000-04-16
"108","Death Valley","04","17",76.5,"S",0000-04-17
"109","Death Valley","04","18",76.8,"S",0000-04-18
"110","Death Valley","04","19",77.1,"S",0000-04-19
"111","Death Valley","04","20",77.5,"S",0000-04-20
"112","Death Valley","04","21",77.8,"S",0000-04-21
"113","Death Valley","04","22",78.1,"S",0000-04-22
"114","Death Valley","04","23",78.5,"S",0000-04-23
"115","Death Valley","04","24",78.8,"S",0000-04-24
"116","Death Valley","04","25",79.2,"S",0000-04-25
"117","Death Valley","04","26",79.5,"S",0000-04-26
"118","Death Valley","04","27",79.9,"S",0000-04-27
"119","Death Valley","04","28",80.3,"S",0000-04-28
"120","Death Valley","04","29",80.6,"S",0000-04-29
"121","Death Valley","04","30",81,"S",0000-04-30
"122","Death Valley","05","1",81.4,"R",0000-05-01
"123","Death Valley","05","2",81.7,"R",0000-05-02
"124","Death Valley","05","3",82.1,"R",0000-05-03
"125","Death Valley","05","4",82.5,"R",0000-05-04
"126","Death Valley","05","5",82.9,"R",0000-05-05
"127","Death Valley","05","6",83.2,"R",0000-05-06
"128","Death Valley","05","7",83.6,"R",0000-05-07
"129","Death Valley","05","8",84,"R",0000-05-08
"130","Death Valley","05","9",84.3,"R",0000-05-09
"131","Death Valley","05","10",84.7,"R",0000-05-10
"132","Death Valley","05","11",85.1,"R",0000-05-11
"133","Death Valley","05","12",85.4,"R",0000-05-12
"134","Death Valley","05","13",85.8,"R",0000-05-13
"135","Death Valley","05","14",86.1,"R",0000-05-14
"136","Death Valley","05","15",86.4,"R",0000-05-15
"137","Death Valley","05","16",86.8,"R",0000-05-16
"138","Death Valley","05","17",87.1,"R",0000-05-17
"139","Death Valley","05","18",87.4,"R",0000-05-18
"140","Death Valley","05","19",87.8,"R",0000-05-19
"141","Death Valley","05","20",88.1,"R",0000-05-20
"142","Death Valley","05","21",88.4,"R",0000-05-21
"143","Death Valley","05","22",88.7,"R",0000-05-22
"144","Death Valley","05","23",89,"R",0000-05-23
"145","Death Valley","05","24",89.3,"R",0000-05-24
"146","Death Valley","05","25",89.6,"R",0000-05-25
"147","Death Valley","05","26",89.9,"R",0000-05-26
"148","Death Valley","05","27",90.1,"R",0000-05-27
"149","Death Valley","05","28",90.4,"R",0000-05-28
"150","Death Valley","05","29",90.7,"R",0000-05-29
"151","Death Valley","05","30",91,"R",0000-05-30
"152","Death Valley","05","31",91.3,"R",0000-05-31
"153","Death Valley","06","1",91.5,"R",0000-06-01
"154","Death Valley","06","2",91.8,"R",0000-06-02
"155","Death Valley","06","3",92.1,"R",0000-06-03
"156","Death Valley","06","4",92.3,"R",0000-06-04
"157","Death Valley","06","5",92.6,"R",0000-06-05
"158","Death Valley","06","6",92.9,"R",0000-06-06
"159","Death Valley","06","7",93.1,"R",0000-06-07
"160","Death Valley","06","8",93.4,"R",0000-06-08
"161","Death Valley","06","9",93.7,"R",0000-06-09
"162","Death Valley","06","10",94,"R",0000-06-10
"163","Death Valley","06","11",94.2,"R",0000-06-11
"164","Death Valley","06","12",94.5,"R",0000-06-12
"165","Death Valley","06","13",94.8,"R",0000-06-13
"166","Death Valley","06","14",95.1,"R",0000-06-14
"167","Death Valley","06","15",95.4,"R",0000-06-15
"168","Death Valley","06","16",95.7,"R",0000-06-16
"169","Death Valley","06","17",95.9,"R",0000-06-17
"170","Death Valley","06","18",96.2,"R",0000-06-18
"171","Death Valley","06","19",96.5,"R",0000-06-19
"172","Death Valley","06","20",96.8,"R",0000-06-20
"173","Death Valley","06","21",97.1,"R",0000-06-21
"174","Death Valley","06","22",97.4,"R",0000-06-22
"175","Death Valley","06","23",97.7,"R",0000-06-23
"176","Death Valley","06","24",98,"R",0000-06-24
"177","Death Valley","06","25",98.3,"R",0000-06-25
"178","Death Valley","06","26",98.5,"R",0000-06-26
"179","Death Valley","06","27",98.8,"R",0000-06-27
"180","Death Valley","06","28",99.1,"R",0000-06-28
"181","Death Valley","06","29",99.4,"R",0000-06-29
"182","Death Valley","06","30",99.6,"R",0000-06-30
"183","Death Valley","07","1",99.9,"R",0000-07-01
"184","Death Valley","07","2",100.2,"R",0000-07-02
"185","Death Valley","07","3",100.4,"R",0000-07-03
"186","Death Valley","07","4",100.6,"R",0000-07-04
"187","Death Valley","07","5",100.9,"R",0000-07-05
"188","Death Valley","07","6",101.1,"R",0000-07-06
"189","Death Valley","07","7",101.3,"R",0000-07-07
"190","Death Valley","07","8",101.5,"R",0000-07-08
"191","Death Valley","07","9",101.7,"R",0000-07-09
"192","Death Valley","07","10",101.9,"R",0000-07-10
"193","Death Valley","07","11",102.1,"R",0000-07-11
"194","Death Valley","07","12",102.2,"R",0000-07-12
"195","Death Valley","07","13",102.4,"R",0000-07-13
"196","Death Valley","07","14",102.5,"R",0000-07-14
"197","Death Valley","07","15",102.6,"R",0000-07-15
"198","Death Valley","07","16",102.8,"R",0000-07-16
"199","Death Valley","07","17",102.9,"R",0000-07-17
"200","Death Valley","07","18",102.9,"R",0000-07-18
"201","Death Valley","07","19",103,"R",0000-07-19
"202","Death Valley","07","20",103.1,"R",0000-07-20
"203","Death Valley","07","21",103.1,"R",0000-07-21
"204","Death Valley","07","22",103.1,"R",0000-07-22
"205","Death Valley","07","23",103.1,"R",0000-07-23
"206","Death Valley","07","24",103.2,"R",0000-07-24
"207","Death Valley","07","25",103.1,"R",0000-07-25
"208","Death Valley","07","26",103.1,"R",0000-07-26
"209","Death Valley","07","27",103.1,"R",0000-07-27
"210","Death Valley","07","28",103,"R",0000-07-28
"211","Death Valley","07","29",103,"R",0000-07-29
"212","Death Valley","07","30",102.9,"R",0000-07-30
"213","Death Valley","07","31",102.8,"R",0000-07-31
"214","Death Valley","08","1",102.7,"R",0000-08-01
"215","Death Valley","08","2",102.6,"R",0000-08-02
"216","Death Valley","08","3",102.5,"R",0000-08-03
"217","Death Valley","08","4",102.4,"R",0000-08-04
"218","Death Valley","08","5",102.3,"R",0000-08-05
"219","Death Valley","08","6",102.2,"R",0000-08-06
"220","Death Valley","08","7",102,"R",0000-08-07
"221","Death Valley","08","8",101.9,"R",0000-08-08
"222","Death Valley","08","9",101.7,"R",0000-08-09
"223","Death Valley","08","10",101.5,"R",0000-08-10
"224","Death Valley","08","11",101.4,"R",0000-08-11
"225","Death Valley","08","12",101.2,"R",0000-08-12
"226","Death Valley","08","13",101,"R",0000-08-13
"227","Death Valley","08","14",100.8,"R",0000-08-14
"228","Death Valley","08","15",100.6,"R",0000-08-15
"229","Death Valley","08","16",100.4,"R",0000-08-16
"230","Death Valley","08","17",100.2,"R",0000-08-17
"231","Death Valley","08","18",100,"R",0000-08-18
"232","Death Valley","08","19",99.8,"R",0000-08-19
"233","Death Valley","08","20",99.6,"R",0000-08-20
"234","Death Valley","08","21",99.4,"R",0000-08-21
"235","Death Valley","08","22",99.1,"R",0000-08-22
"236","Death Valley","08","23",98.9,"R",0000-08-23
"237","Death Valley","08","24",98.6,"R",0000-08-24
"238","Death Valley","08","25",98.4,"R",0000-08-25
"239","Death Valley","08","26",98.1,"R",0000-08-26
"240","Death Valley","08","27",97.9,"R",0000-08-27
"241","Death Valley","08","28",97.6,"R",0000-08-28
"242","Death Valley","08","29",97.3,"R",0000-08-29
"243","Death Valley","08","30",97.1,"R",0000-08-30
"244","Death Valley","08","31",96.8,"R",0000-08-31
"245","Death Valley","09","1",96.5,"R",0000-09-01
"246","Death Valley","09","2",96.2,"R",0000-09-02
"247","Death Valley","09","3",95.9,"R",0000-09-03
"248","Death Valley","09","4",95.6,"R",0000-09-04
"249","Death Valley","09","5",95.2,"R",0000-09-05
"250","Death Valley","09","6",94.9,"R",0000-09-06
"251","Death Valley","09","7",94.6,"R",0000-09-07
"252","Death Valley","09","8",94.2,"R",0000-09-08
"253","Death Valley","09","9",93.8,"R",0000-09-09
"254","Death Valley","09","10",93.5,"R",0000-09-10
"255","Death Valley","09","11",93.1,"R",0000-09-11
"256","Death Valley","09","12",92.7,"R",0000-09-12
"257","Death Valley","09","13",92.3,"R",0000-09-13
"258","Death Valley","09","14",91.9,"R",0000-09-14
"259","Death Valley","09","15",91.5,"R",0000-09-15
"260","Death Valley","09","16",91.1,"R",0000-09-16
"261","Death Valley","09","17",90.7,"R",0000-09-17
"262","Death Valley","09","18",90.3,"R",0000-09-18
"263","Death Valley","09","19",89.8,"R",0000-09-19
"264","Death Valley","09","20",89.4,"R",0000-09-20
"265","Death Valley","09","21",88.9,"R",0000-09-21
"266","Death Valley","09","22",88.5,"R",0000-09-22
"267","Death Valley","09","23",88,"R",0000-09-23
"268","Death Valley","09","24",87.6,"R",0000-09-24
"269","Death Valley","09","25",87.1,"R",0000-09-25
"270","Death Valley","09","26",86.6,"R",0000-09-26
"271","Death Valley","09","27",86.1,"R",0000-09-27
"272","Death Valley","09","28",85.7,"R",0000-09-28
"273","Death Valley","09","29",85.2,"R",0000-09-29
"274","Death Valley","09","30",84.7,"R",0000-09-30
"275","Death Valley","10","1",84.2,"S",0000-10-01
"276","Death Valley","10","2",83.7,"S",0000-10-02
"277","Death Valley","10","3",83.3,"S",0000-10-03
"278","Death Valley","10","4",82.8,"S",0000-10-04
"279","Death Valley","10","5",82.3,"S",0000-10-05
"280","Death Valley","10","6",81.8,"S",0000-10-06
"281","Death Valley","10","7",81.3,"S",0000-10-07
"282","Death Valley","10","8",80.9,"S",0000-10-08
"283","Death Valley","10","9",80.4,"S",0000-10-09
"284","Death Valley","10","10",79.9,"S",0000-10-10
"285","Death Valley","10","11",79.4,"S",0000-10-11
"286","Death Valley","10","12",79,"S",0000-10-12
"287","Death Valley","10","13",78.5,"S",0000-10-13
"288","Death Valley","10","14",78,"S",0000-10-14
"289","Death Valley","10","15",77.6,"S",0000-10-15
"290","Death Valley","10","16",77.1,"S",0000-10-16
"291","Death Valley","10","17",76.6,"S",0000-10-17
"292","Death Valley","10","18",76.2,"S",0000-10-18
"293","Death Valley","10","19",75.7,"S",0000-10-19
"294","Death Valley","10","20",75.3,"S",0000-10-20
"295","Death Valley","10","21",74.8,"S",0000-10-21
"296","Death Valley","10","22",74.3,"S",0000-10-22
"297","Death Valley","10","23",73.9,"S",0000-10-23
"298","Death Valley","10","24",73.4,"S",0000-10-24
"299","Death Valley","10","25",73,"S",0000-10-25
"300","Death Valley","10","26",72.5,"S",0000-10-26
"301","Death Valley","10","27",72.1,"S",0000-10-27
"302","Death Valley","10","28",71.6,"S",0000-10-28
"303","Death Valley","10","29",71.1,"S",0000-10-29
"304","Death Valley","10","30",70.7,"S",0000-10-30
"305","Death Valley","10","31",70.2,"S",0000-10-31
"306","Death Valley","11","1",69.7,"S",0000-11-01
"307","Death Valley","11","2",69.3,"S",0000-11-02
"308","Death Valley","11","3",68.8,"S",0000-11-03
"309","Death Valley","11","4",68.3,"S",0000-11-04
"310","Death Valley","11","5",67.8,"S",0000-11-05
"311","Death Valley","11","6",67.3,"S",0000-11-06
"312","Death Valley","11","7",66.9,"S",0000-11-07
"313","Death Valley","11","8",66.4,"S",0000-11-08
"314","Death Valley","11","9",65.9,"S",0000-11-09
"315","Death Valley","11","10",65.4,"S",0000-11-10
"316","Death Valley","11","11",64.9,"S",0000-11-11
"317","Death Valley","11","12",64.4,"S",0000-11-12
"318","Death Valley","11","13",63.9,"S",0000-11-13
"319","Death Valley","11","14",63.3,"S",0000-11-14
"320","Death Valley","11","15",62.8,"S",0000-11-15
"321","Death Valley","11","16",62.3,"S",0000-11-16
"322","Death Valley","11","17",61.8,"S",0000-11-17
"323","Death Valley","11","18",61.3,"S",0000-11-18
"324","Death Valley","11","19",60.8,"S",0000-11-19
"325","Death Valley","11","20",60.3,"S",0000-11-20
"326","Death Valley","11","21",59.8,"S",0000-11-21
"327","Death Valley","11","22",59.3,"S",0000-11-22
"328","Death Valley","11","23",58.8,"S",0000-11-23
"329","Death Valley","11","24",58.3,"S",0000-11-24
"330","Death Valley","11","25",57.9,"S",0000-11-25
"331","Death Valley","11","26",57.4,"S",0000-11-26
"332","Death Valley","11","27",56.9,"S",0000-11-27
"333","Death Valley","11","28",56.5,"S",0000-11-28
"334","Death Valley","11","29",56,"S",0000-11-29
"335","Death Valley","11","30",55.6,"S",0000-11-30
"336","Death Valley","12","1",55.2,"S",0000-12-01
"337","Death Valley","12","2",54.8,"S",0000-12-02
"338","Death Valley","12","3",54.4,"S",0000-12-03
"339","Death Valley","12","4",54,"S",0000-12-04
"340","Death Valley","12","5",53.7,"S",0000-12-05
"341","Death Valley","12","6",53.3,"S",0000-12-06
"342","Death Valley","12","7",53,"S",0000-12-07
"343","Death Valley","12","8",52.7,"S",0000-12-08
"344","Death Valley","12","9",52.4,"S",0000-12-09
"345","Death Valley","12","10",52.2,"S",0000-12-10
"346","Death Valley","12","11",51.9,"S",0000-12-11
"347","Death Valley","12","12",51.7,"S",0000-12-12
"348","Death Valley","12","13",51.5,"S",0000-12-13
"349","Death Valley","12","14",51.3,"S",0000-12-14
"350","Death Valley","12","15",51.1,"S",0000-12-15
"351","Death Valley","12","16",51,"S",0000-12-16
"352","Death Valley","12","17",50.9,"S",0000-12-17
"353","Death Valley","12","18",50.8,"S",0000-12-18
"354","Death Valley","12","19",50.7,"S",0000-12-19
"355","Death Valley","12","20",50.6,"S",0000-12-20
"356","Death Valley","12","21",50.6,"S",0000-12-21
"357","Death Valley","12","22",50.5,"S",0000-12-22
"358","Death Valley","12","23",50.5,"S",0000-12-23
"359","Death Valley","12","24",50.5,"S",0000-12-24
"360","Death Valley","12","25",50.5,"S",0000-12-25
"361","Death Valley","12","26",50.6,"S",0000-12-26
"362","Death Valley","12","27",50.6,"S",0000-12-27
"363","Death Valley","12","28",50.7,"S",0000-12-28
"364","Death Valley","12","29",50.8,"S",0000-12-29
"365","Death Valley","12","30",50.8,"S",0000-12-30
"366","Death Valley","12","31",50.9,"S",0000-12-31
"367","Honolulu","01","1",70.4,"C",0000-01-01
"368","Honolulu","01","2",70.3,"C",0000-01-02
"369","Honolulu","01","3",70.3,"C",0000-01-03
"370","Honolulu","01","4",70.3,"C",0000-01-04
"371","Honolulu","01","5",70.2,"C",0000-01-05
"372","Honolulu","01","6",70.2,"C",0000-01-06
"373","Honolulu","01","7",70.1,"C",0000-01-07
"374","Honolulu","01","8",70.1,"C",0000-01-08
"375","Honolulu","01","9",70.1,"C",0000-01-09
"376","Honolulu","01","10",70,"C",0000-01-10
"377","Honolulu","01","11",70,"C",0000-01-11
"378","Honolulu","01","12",70,"C",0000-01-12
"379","Honolulu","01","13",70,"C",0000-01-13
"380","Honolulu","01","14",69.9,"C",0000-01-14
"381","Honolulu","01","15",69.9,"C",0000-01-15
"382","Honolulu","01","16",69.9,"C",0000-01-16
"383","Honolulu","01","17",69.9,"C",0000-01-17
"384","Honolulu","01","18",69.9,"C",0000-01-18
"385","Honolulu","01","19",69.8,"C",0000-01-19
"386","Honolulu","01","20",69.8,"C",0000-01-20
"387","Honolulu","01","21",69.8,"C",0000-01-21
"388","Honolulu","01","22",69.8,"C",0000-01-22
"389","Honolulu","01","23",69.8,"C",0000-01-23
"390","Honolulu","01","24",69.8,"C",0000-01-24
"391","Honolulu","01","25",69.8,"C",0000-01-25
"392","Honolulu","01","26",69.7,"C",0000-01-26
"393","Honolulu","01","27",69.7,"C",0000-01-27
"394","Honolulu","01","28",69.7,"C",0000-01-28
"395","Honolulu","01","29",69.7,"C",0000-01-29
"396","Honolulu","01","30",69.7,"C",0000-01-30
"397","Honolulu","01","31",69.7,"C",0000-01-31
"398","Honolulu","02","1",69.7,"S",0000-02-01
"399","Honolulu","02","2",69.7,"S",0000-02-02
"400","Honolulu","02","3",69.7,"S",0000-02-03
"401","Honolulu","02","4",69.7,"S",0000-02-04
"402","Honolulu","02","5",69.7,"S",0000-02-05
"403","Honolulu","02","6",69.7,"S",0000-02-06
"404","Honolulu","02","7",69.7,"S",0000-02-07
"405","Honolulu","02","8",69.7,"S",0000-02-08
"406","Honolulu","02","9",69.8,"S",0000-02-09
"407","Honolulu","02","10",69.8,"S",0000-02-10
"408","Honolulu","02","11",69.8,"S",0000-02-11
"409","Honolulu","02","12",69.8,"S",0000-02-12
"410","Honolulu","02","13",69.8,"S",0000-02-13
"411","Honolulu","02","14",69.8,"S",0000-02-14
"412","Honolulu","02","15",69.8,"S",0000-02-15
"413","Honolulu","02","16",69.8,"S",0000-02-16
"414","Honolulu","02","17",69.9,"S",0000-02-17
"415","Honolulu","02","18",69.9,"S",0000-02-18
"416","Honolulu","02","19",69.9,"S",0000-02-19
"417","Honolulu","02","20",69.9,"S",0000-02-20
"418","Honolulu","02","21",69.9,"S",0000-02-21
"419","Honolulu","02","22",70,"S",0000-02-22
"420","Honolulu","02","23",70,"S",0000-02-23
"421","Honolulu","02","24",70,"S",0000-02-24
"422","Honolulu","02","25",70,"S",0000-02-25
"423","Honolulu","02","26",70,"S",0000-02-26
"424","Honolulu","02","27",70.1,"S",0000-02-27
"425","Honolulu","02","28",70.1,"S",0000-02-28
"426","Honolulu","02","29",70.1,"S",0000-02-29
"427","Honolulu","03","1",70.1,"C",0000-03-01
"428","Honolulu","03","2",70.1,"C",0000-03-02
"429","Honolulu","03","3",70.2,"C",0000-03-03
"430","Honolulu","03","4",70.2,"C",0000-03-04
"431","Honolulu","03","5",70.2,"C",0000-03-05
"432","Honolulu","03","6",70.2,"C",0000-03-06
"433","Honolulu","03","7",70.2,"C",0000-03-07
"434","Honolulu","03","8",70.3,"C",0000-03-08
"435","Honolulu","03","9",70.3,"C",0000-03-09
"436","Honolulu","03","10",70.3,"C",0000-03-10
"437","Honolulu","03","11",70.3,"C",0000-03-11
"438","Honolulu","03","12",70.3,"C",0000-03-12
"439","Honolulu","03","13",70.3,"C",0000-03-13
"440","Honolulu","03","14",70.4,"C",0000-03-14
"441","Honolulu","03","15",70.4,"C",0000-03-15
"442","Honolulu","03","16",70.4,"C",0000-03-16
"443","Honolulu","03","17",70.4,"C",0000-03-17
"444","Honolulu","03","18",70.4,"C",0000-03-18
"445","Honolulu","03","19",70.4,"C",0000-03-19
"446","Honolulu","03","20",70.4,"C",0000-03-20
"447","Honolulu","03","21",70.4,"C",0000-03-21
"448","Honolulu","03","22",70.4,"C",0000-03-22
"449","Honolulu","03","23",70.4,"C",0000-03-23
"450","Honolulu","03","24",70.5,"C",0000-03-24
"451","Honolulu","03","25",70.5,"C",0000-03-25
"452","Honolulu","03","26",70.5,"C",0000-03-26
"453","Honolulu","03","27",70.5,"C",0000-03-27
"454","Honolulu","03","28",70.5,"C",0000-03-28
"455","Honolulu","03","29",70.5,"C",0000-03-29
"456","Honolulu","03","30",70.5,"C",0000-03-30
"457","Honolulu","03","31",70.5,"C",0000-03-31
"458","Honolulu","04","1",70.5,"C",0000-04-01
"459","Honolulu","04","2",70.5,"C",0000-04-02
"460","Honolulu","04","3",70.5,"C",0000-04-03
"461","Honolulu","04","4",70.5,"C",0000-04-04
"462","Honolulu","04","5",70.5,"C",0000-04-05
"463","Honolulu","04","6",70.5,"C",0000-04-06
"464","Honolulu","04","7",70.5,"C",0000-04-07
"465","Honolulu","04","8",70.5,"C",0000-04-08
"466","Honolulu","04","9",70.5,"C",0000-04-09
"467","Honolulu","04","10",70.6,"C",0000-04-10
"468","Honolulu","04","11",70.6,"C",0000-04-11
"469","Honolulu","04","12",70.6,"C",0000-04-12
"470","Honolulu","04","13",70.6,"C",0000-04-13
"471","Honolulu","04","14",70.6,"C",0000-04-14
"472","Honolulu","04","15",70.7,"C",0000-04-15
"473","Honolulu","04","16",70.7,"C",0000-04-16
"474","Honolulu","04","17",70.7,"C",0000-04-17
"475","Honolulu","04","18",70.7,"C",0000-04-18
"476","Honolulu","04","19",70.8,"C",0000-04-19
"477","Honolulu","04","20",70.8,"C",0000-04-20
"478","Honolulu","04","21",70.8,"C",0000-04-21
"479","Honolulu","04","22",70.9,"C",0000-04-22
"480","Honolulu","04","23",70.9,"C",0000-04-23
"481","Honolulu","04","24",71,"C",0000-04-24
"482","Honolulu","04","25",71,"C",0000-04-25
"483","Honolulu","04","26",71.1,"C",0000-04-26
"484","Honolulu","04","27",71.1,"C",0000-04-27
"485","Honolulu","04","28",71.2,"C",0000-04-28
"486","Honolulu","04","29",71.2,"C",0000-04-29
"487","Honolulu","04","30",71.3,"C",0000-04-30
"488","Honolulu","05","1",71.4,"S",0000-05-01
"489","Honolulu","05","2",71.4,"S",0000-05-02
"490","Honolulu","05","3",71.5,"S",0000-05-03
"491","Honolulu","05","4",71.6,"S",0000-05-04
"492","Honolulu","05","5",71.6,"S",0000-05-05
"493","Honolulu","05","6",71.7,"S",0000-05-06
"494","Honolulu","05","7",71.8,"S",0000-05-07
"495","Honolulu","05","8",71.8,"S",0000-05-08
"496","Honolulu","05","9",71.9,"S",0000-05-09
"497","Honolulu","05","10",72,"S",0000-05-10
"498","Honolulu","05","11",72.1,"S",0000-05-11
"499","Honolulu","05","12",72.1,"S",0000-05-12
"500","Honolulu","05","13",72.2,"S",0000-05-13
"501","Honolulu","05","14",72.3,"S",0000-05-14
"502","Honolulu","05","15",72.3,"S",0000-05-15
"503","Honolulu","05","16",72.4,"S",0000-05-16
"504","Honolulu","05","17",72.5,"S",0000-05-17
"505","Honolulu","05","18",72.5,"S",0000-05-18
"506","Honolulu","05","19",72.6,"S",0000-05-19
"507","Honolulu","05","20",72.6,"S",0000-05-20
"508","Honolulu","05","21",72.7,"S",0000-05-21
"509","Honolulu","05","22",72.8,"S",0000-05-22
"510","Honolulu","05","23",72.8,"S",0000-05-23
"511","Honolulu","05","24",72.9,"S",0000-05-24
"512","Honolulu","05","25",72.9,"S",0000-05-25
"513","Honolulu","05","26",73,"S",0000-05-26
"514","Honolulu","05","27",73,"S",0000-05-27
"515","Honolulu","05","28",73.1,"S",0000-05-28
"516","Honolulu","05","29",73.1,"S",0000-05-29
"517","Honolulu","05","30",73.1,"S",0000-05-30
"518","Honolulu","05","31",73.2,"S",0000-05-31
"519","Honolulu","06","1",73.2,"C",0000-06-01
"520","Honolulu","06","2",73.2,"C",0000-06-02
"521","Honolulu","06","3",73.3,"C",0000-06-03
"522","Honolulu","06","4",73.3,"C",0000-06-04
"523","Honolulu","06","5",73.3,"C",0000-06-05
"524","Honolulu","06","6",73.4,"C",0000-06-06
"525","Honolulu","06","7",73.4,"C",0000-06-07
"526","Honolulu","06","8",73.4,"C",0000-06-08
"527","Honolulu","06","9",73.4,"C",0000-06-09
"528","Honolulu","06","10",73.4,"C",0000-06-10
"529","Honolulu","06","11",73.5,"C",0000-06-11
"530","Honolulu","06","12",73.5,"C",0000-06-12
"531","Honolulu","06","13",73.5,"C",0000-06-13
"532","Honolulu","06","14",73.5,"C",0000-06-14
"533","Honolulu","06","15",73.5,"C",0000-06-15
"534","Honolulu","06","16",73.6,"C",0000-06-16
"535","Honolulu","06","17",73.6,"C",0000-06-17
"536","Honolulu","06","18",73.6,"C",0000-06-18
"537","Honolulu","06","19",73.6,"C",0000-06-19
"538","Honolulu","06","20",73.6,"C",0000-06-20
"539","Honolulu","06","21",73.7,"C",0000-06-21
"540","Honolulu","06","22",73.7,"C",0000-06-22
"541","Honolulu","06","23",73.7,"C",0000-06-23
"542","Honolulu","06","24",73.7,"C",0000-06-24
"543","Honolulu","06","25",73.7,"C",0000-06-25
"544","Honolulu","06","26",73.8,"C",0000-06-26
"545","Honolulu","06","27",73.8,"C",0000-06-27
"546","Honolulu","06","28",73.8,"C",0000-06-28
"547","Honolulu","06","29",73.9,"C",0000-06-29
"548","Honolulu","06","30",73.9,"C",0000-06-30
"549","Honolulu","07","1",73.9,"S",0000-07-01
"550","Honolulu","07","2",74,"S",0000-07-02
"551","Honolulu","07","3",74,"S",0000-07-03
"552","Honolulu","07","4",74.1,"S",0000-07-04
"553","Honolulu","07","5",74.1,"S",0000-07-05
"554","Honolulu","07","6",74.1,"S",0000-07-06
"555","Honolulu","07","7",74.2,"S",0000-07-07
"556","Honolulu","07","8",74.2,"S",0000-07-08
"557","Honolulu","07","9",74.3,"S",0000-07-09
"558","Honolulu","07","10",74.3,"S",0000-07-10
"559","Honolulu","07","11",74.4,"S",0000-07-11
"560","Honolulu","07","12",74.4,"S",0000-07-12
"561","Honolulu","07","13",74.5,"S",0000-07-13
"562","Honolulu","07","14",74.5,"S",0000-07-14
"563","Honolulu","07","15",74.6,"S",0000-07-15
"564","Honolulu","07","16",74.6,"S",0000-07-16
"565","Honolulu","07","17",74.7,"S",0000-07-17
"566","Honolulu","07","18",74.7,"S",0000-07-18
"567","Honolulu","07","19",74.8,"S",0000-07-19
"568","Honolulu","07","20",74.8,"S",0000-07-20
"569","Honolulu","07","21",74.8,"S",0000-07-21
"570","Honolulu","07","22",74.9,"S",0000-07-22
"571","Honolulu","07","23",74.9,"S",0000-07-23
"572","Honolulu","07","24",75,"S",0000-07-24
"573","Honolulu","07","25",75,"S",0000-07-25
"574","Honolulu","07","26",75.1,"S",0000-07-26
"575","Honolulu","07","27",75.1,"S",0000-07-27
"576","Honolulu","07","28",75.1,"S",0000-07-28
"577","Honolulu","07","29",75.2,"S",0000-07-29
"578","Honolulu","07","30",75.2,"S",0000-07-30
"579","Honolulu","07","31",75.2,"S",0000-07-31
"580","Honolulu","08","1",75.3,"S",0000-08-01
"581","Honolulu","08","2",75.3,"S",0000-08-02
"582","Honolulu","08","3",75.3,"S",0000-08-03
"583","Honolulu","08","4",75.4,"S",0000-08-04
"584","Honolulu","08","5",75.4,"S",0000-08-05
"585","Honolulu","08","6",75.4,"S",0000-08-06
"586","Honolulu","08","7",75.4,"S",0000-08-07
"587","Honolulu","08","8",75.4,"S",0000-08-08
"588","Honolulu","08","9",75.5,"S",0000-08-09
"589","Honolulu","08","10",75.5,"S",0000-08-10
"590","Honolulu","08","11",75.5,"S",0000-08-11
"591","Honolulu","08","12",75.5,"S",0000-08-12
"592","Honolulu","08","13",75.5,"S",0000-08-13
"593","Honolulu","08","14",75.5,"S",0000-08-14
"594","Honolulu","08","15",75.6,"S",0000-08-15
"595","Honolulu","08","16",75.6,"S",0000-08-16
"596","Honolulu","08","17",75.6,"S",0000-08-17
"597","Honolulu","08","18",75.6,"S",0000-08-18
"598","Honolulu","08","19",75.6,"S",0000-08-19
"599","Honolulu","08","20",75.6,"S",0000-08-20
"600","Honolulu","08","21",75.6,"S",0000-08-21
"601","Honolulu","08","22",75.6,"S",0000-08-22
"602","Honolulu","08","23",75.7,"S",0000-08-23
"603","Honolulu","08","24",75.7,"S",0000-08-24
"604","Honolulu","08","25",75.7,"S",0000-08-25
"605","Honolulu","08","26",75.7,"S",0000-08-26
"606","Honolulu","08","27",75.7,"S",0000-08-27
"607","Honolulu","08","28",75.7,"S",0000-08-28
"608","Honolulu","08","29",75.7,"S",0000-08-29
"609","Honolulu","08","30",75.7,"S",0000-08-30
"610","Honolulu","08","31",75.8,"S",0000-08-31
"611","Honolulu","09","1",75.8,"C",0000-09-01
"612","Honolulu","09","2",75.8,"C",0000-09-02
"613","Honolulu","09","3",75.8,"C",0000-09-03
"614","Honolulu","09","4",75.8,"C",0000-09-04
"615","Honolulu","09","5",75.8,"C",0000-09-05
"616","Honolulu","09","6",75.8,"C",0000-09-06
"617","Honolulu","09","7",75.8,"C",0000-09-07
"618","Honolulu","09","8",75.9,"C",0000-09-08
"619","Honolulu","09","9",75.9,"C",0000-09-09
"620","Honolulu","09","10",75.9,"C",0000-09-10
"621","Honolulu","09","11",75.9,"C",0000-09-11
"622","Honolulu","09","12",75.9,"C",0000-09-12
"623","Honolulu","09","13",75.9,"C",0000-09-13
"624","Honolulu","09","14",75.9,"C",0000-09-14
"625","Honolulu","09","15",75.9,"C",0000-09-15
"626","Honolulu","09","16",76,"C",0000-09-16
"627","Honolulu","09","17",76,"C",0000-09-17
"628","Honolulu","09","18",76,"C",0000-09-18
"629","Honolulu","09","19",76,"C",0000-09-19
"630","Honolulu","09","20",76,"C",0000-09-20
"631","Honolulu","09","21",76,"C",0000-09-21
"632","Honolulu","09","22",76,"C",0000-09-22
"633","Honolulu","09","23",76,"C",0000-09-23
"634","Honolulu","09","24",76,"C",0000-09-24
"635","Honolulu","09","25",75.9,"C",0000-09-25
"636","Honolulu","09","26",75.9,"C",0000-09-26
"637","Honolulu","09","27",75.9,"C",0000-09-27
"638","Honolulu","09","28",75.9,"C",0000-09-28
"639","Honolulu","09","29",75.9,"C",0000-09-29
"640","Honolulu","09","30",75.9,"C",0000-09-30
"641","Honolulu","10","1",75.8,"C",0000-10-01
"642","Honolulu","10","2",75.8,"C",0000-10-02
"643","Honolulu","10","3",75.8,"C",0000-10-03
"644","Honolulu","10","4",75.8,"C",0000-10-04
"645","Honolulu","10","5",75.7,"C",0000-10-05
"646","Honolulu","10","6",75.7,"C",0000-10-06
"647","Honolulu","10","7",75.6,"C",0000-10-07
"648","Honolulu","10","8",75.6,"C",0000-10-08
"649","Honolulu","10","9",75.6,"C",0000-10-09
"650","Honolulu","10","10",75.5,"C",0000-10-10
"651","Honolulu","10","11",75.5,"C",0000-10-11
"652","Honolulu","10","12",75.4,"C",0000-10-12
"653","Honolulu","10","13",75.4,"C",0000-10-13
"654","Honolulu","10","14",75.3,"C",0000-10-14
"655","Honolulu","10","15",75.3,"C",0000-10-15
"656","Honolulu","10","16",75.2,"C",0000-10-16
"657","Honolulu","10","17",75.1,"C",0000-10-17
"658","Honolulu","10","18",75.1,"C",0000-10-18
"659","Honolulu","10","19",75,"C",0000-10-19
"660","Honolulu","10","20",75,"C",0000-10-20
"661","Honolulu","10","21",74.9,"C",0000-10-21
"662","Honolulu","10","22",74.8,"C",0000-10-22
"663","Honolulu","10","23",74.8,"C",0000-10-23
"664","Honolulu","10","24",74.7,"C",0000-10-24
"665","Honolulu","10","25",74.6,"C",0000-10-25
"666","Honolulu","10","26",74.6,"C",0000-10-26
"667","Honolulu","10","27",74.5,"C",0000-10-27
"668","Honolulu","10","28",74.5,"C",0000-10-28
"669","Honolulu","10","29",74.4,"C",0000-10-29
"670","Honolulu","10","30",74.3,"C",0000-10-30
"671","Honolulu","10","31",74.3,"C",0000-10-31
"672","Honolulu","11","1",74.2,"C",0000-11-01
"673","Honolulu","11","2",74.1,"C",0000-11-02
"674","Honolulu","11","3",74.1,"C",0000-11-03
"675","Honolulu","11","4",74,"C",0000-11-04
"676","Honolulu","11","5",73.9,"C",0000-11-05
"677","Honolulu","11","6",73.9,"C",0000-11-06
"678","Honolulu","11","7",73.8,"C",0000-11-07
"679","Honolulu","11","8",73.7,"C",0000-11-08
"680","Honolulu","11","9",73.7,"C",0000-11-09
"681","Honolulu","11","10",73.6,"C",0000-11-10
"682","Honolulu","11","11",73.5,"C",0000-11-11
"683","Honolulu","11","12",73.5,"C",0000-11-12
"684","Honolulu","11","13",73.4,"C",0000-11-13
"685","Honolulu","11","14",73.3,"C",0000-11-14
"686","Honolulu","11","15",73.3,"C",0000-11-15
"687","Honolulu","11","16",73.2,"C",0000-11-16
"688","Honolulu","11","17",73.2,"C",0000-11-17
"689","Honolulu","11","18",73.1,"C",0000-11-18
"690","Honolulu","11","19",73,"C",0000-11-19
"691","Honolulu","11","20",73,"C",0000-11-20
"692","Honolulu","11","21",72.9,"C",0000-11-21
"693","Honolulu","11","22",72.8,"C",0000-11-22
"694","Honolulu","11","23",72.8,"C",0000-11-23
"695","Honolulu","11","24",72.7,"C",0000-11-24
"696","Honolulu","11","25",72.6,"C",0000-11-25
"697","Honolulu","11","26",72.6,"C",0000-11-26
"698","Honolulu","11","27",72.5,"C",0000-11-27
"699","Honolulu","11","28",72.5,"C",0000-11-28
"700","Honolulu","11","29",72.4,"C",0000-11-29
"701","Honolulu","11","30",72.3,"C",0000-11-30
"702","Honolulu","12","1",72.3,"C",0000-12-01
"703","Honolulu","12","2",72.2,"C",0000-12-02
"704","Honolulu","12","3",72.1,"C",0000-12-03
"705","Honolulu","12","4",72.1,"C",0000-12-04
"706","Honolulu","12","5",72,"C",0000-12-05
"707","Honolulu","12","6",71.9,"C",0000-12-06
"708","Honolulu","12","7",71.9,"C",0000-12-07
"709","Honolulu","12","8",71.8,"C",0000-12-08
"710","Honolulu","12","9",71.7,"C",0000-12-09
"711","Honolulu","12","10",71.7,"C",0000-12-10
"712","Honolulu","12","11",71.6,"C",0000-12-11
"713","Honolulu","12","12",71.5,"C",0000-12-12
"714","Honolulu","12","13",71.5,"C",0000-12-13
"715","Honolulu","12","14",71.4,"C",0000-12-14
"716","Honolulu","12","15",71.3,"C",0000-12-15
"717","Honolulu","12","16",71.3,"C",0000-12-16
"718","Honolulu","12","17",71.2,"C",0000-12-17
"719","Honolulu","12","18",71.1,"C",0000-12-18
"720","Honolulu","12","19",71.1,"C",0000-12-19
"721","Honolulu","12","20",71,"C",0000-12-20
"722","Honolulu","12","21",71,"C",0000-12-21
"723","Honolulu","12","22",70.9,"C",0000-12-22
"724","Honolulu","12","23",70.9,"C",0000-12-23
"725","Honolulu","12","24",70.8,"C",0000-12-24
"726","Honolulu","12","25",70.7,"C",0000-12-25
"727","Honolulu","12","26",70.7,"C",0000-12-26
"728","Honolulu","12","27",70.6,"C",0000-12-27
"729","Honolulu","12","28",70.6,"C",0000-12-28
"730","Honolulu","12","29",70.5,"C",0000-12-29
"731","Honolulu","12","30",70.5,"C",0000-12-30
"732","Honolulu","12","31",70.4,"C",0000-12-31
"733","Chicago","01","1",25.6,"C",0000-01-01
"734","Chicago","01","2",25.5,"C",0000-01-02
"735","Chicago","01","3",25.3,"C",0000-01-03
"736","Chicago","01","4",25.2,"C",0000-01-04
"737","Chicago","01","5",25.1,"C",0000-01-05
"738","Chicago","01","6",25.1,"C",0000-01-06
"739","Chicago","01","7",25,"C",0000-01-07
"740","Chicago","01","8",24.9,"C",0000-01-08
"741","Chicago","01","9",24.8,"C",0000-01-09
"742","Chicago","01","10",24.8,"C",0000-01-10
"743","Chicago","01","11",24.7,"C",0000-01-11
"744","Chicago","01","12",24.7,"C",0000-01-12
"745","Chicago","01","13",24.6,"C",0000-01-13
"746","Chicago","01","14",24.6,"C",0000-01-14
"747","Chicago","01","15",24.5,"C",0000-01-15
"748","Chicago","01","16",24.5,"C",0000-01-16
"749","Chicago","01","17",24.5,"C",0000-01-17
"750","Chicago","01","18",24.5,"C",0000-01-18
"751","Chicago","01","19",24.5,"C",0000-01-19
"752","Chicago","01","20",24.5,"C",0000-01-20
"753","Chicago","01","21",24.5,"C",0000-01-21
"754","Chicago","01","22",24.6,"C",0000-01-22
"755","Chicago","01","23",24.6,"C",0000-01-23
"756","Chicago","01","24",24.7,"C",0000-01-24
"757","Chicago","01","25",24.7,"C",0000-01-25
"758","Chicago","01","26",24.8,"C",0000-01-26
"759","Chicago","01","27",24.9,"C",0000-01-27
"760","Chicago","01","28",25,"C",0000-01-28
"761","Chicago","01","29",25.1,"C",0000-01-29
"762","Chicago","01","30",25.2,"C",0000-01-30
"763","Chicago","01","31",25.3,"C",0000-01-31
"764","Chicago","02","1",25.5,"C",0000-02-01
"765","Chicago","02","2",25.6,"C",0000-02-02
"766","Chicago","02","3",25.8,"C",0000-02-03
"767","Chicago","02","4",26,"C",0000-02-04
"768","Chicago","02","5",26.1,"C",0000-02-05
"769","Chicago","02","6",26.3,"C",0000-02-06
"770","Chicago","02","7",26.6,"C",0000-02-07
"771","Chicago","02","8",26.8,"C",0000-02-08
"772","Chicago","02","9",27,"C",0000-02-09
"773","Chicago","02","10",27.3,"C",0000-02-10
"774","Chicago","02","11",27.5,"C",0000-02-11
"775","Chicago","02","12",27.8,"C",0000-02-12
"776","Chicago","02","13",28.1,"C",0000-02-13
"777","Chicago","02","14",28.3,"C",0000-02-14
"778","Chicago","02","15",28.6,"C",0000-02-15
"779","Chicago","02","16",28.9,"C",0000-02-16
"780","Chicago","02","17",29.2,"C",0000-02-17
"781","Chicago","02","18",29.6,"C",0000-02-18
"782","Chicago","02","19",29.9,"C",0000-02-19
"783","Chicago","02","20",30.2,"C",0000-02-20
"784","Chicago","02","21",30.5,"C",0000-02-21
"785","Chicago","02","22",30.9,"C",0000-02-22
"786","Chicago","02","23",31.2,"C",0000-02-23
"787","Chicago","02","24",31.6,"C",0000-02-24
"788","Chicago","02","25",31.9,"C",0000-02-25
"789","Chicago","02","26",32.3,"C",0000-02-26
"790","Chicago","02","27",32.6,"C",0000-02-27
"791","Chicago","02","28",33,"C",0000-02-28
"792","Chicago","02","29",33.2,"C",0000-02-29
"793","Chicago","03","1",33.3,"C",0000-03-01
"794","Chicago","03","2",33.7,"C",0000-03-02
"795","Chicago","03","3",34.1,"C",0000-03-03
"796","Chicago","03","4",34.4,"C",0000-03-04
"797","Chicago","03","5",34.8,"C",0000-03-05
"798","Chicago","03","6",35.2,"C",0000-03-06
"799","Chicago","03","7",35.5,"C",0000-03-07
"800","Chicago","03","8",35.9,"C",0000-03-08
"801","Chicago","03","9",36.3,"C",0000-03-09
"802","Chicago","03","10",36.6,"C",0000-03-10
"803","Chicago","03","11",37,"C",0000-03-11
"804","Chicago","03","12",37.4,"C",0000-03-12
"805","Chicago","03","13",37.7,"C",0000-03-13
"806","Chicago","03","14",38.1,"C",0000-03-14
"807","Chicago","03","15",38.5,"C",0000-03-15
"808","Chicago","03","16",38.8,"C",0000-03-16
"809","Chicago","03","17",39.2,"C",0000-03-17
"810","Chicago","03","18",39.6,"C",0000-03-18
"811","Chicago","03","19",39.9,"C",0000-03-19
"812","Chicago","03","20",40.3,"C",0000-03-20
"813","Chicago","03","21",40.7,"C",0000-03-21
"814","Chicago","03","22",41,"C",0000-03-22
"815","Chicago","03","23",41.4,"C",0000-03-23
"816","Chicago","03","24",41.8,"C",0000-03-24
"817","Chicago","03","25",42.2,"C",0000-03-25
"818","Chicago","03","26",42.5,"C",0000-03-26
"819","Chicago","03","27",42.9,"C",0000-03-27
"820","Chicago","03","28",43.3,"C",0000-03-28
"821","Chicago","03","29",43.7,"C",0000-03-29
"822","Chicago","03","30",44.1,"C",0000-03-30
"823","Chicago","03","31",44.4,"C",0000-03-31
"824","Chicago","04","1",44.8,"C",0000-04-01
"825","Chicago","04","2",45.2,"C",0000-04-02
"826","Chicago","04","3",45.6,"C",0000-04-03
"827","Chicago","04","4",46,"C",0000-04-04
"828","Chicago","04","5",46.4,"C",0000-04-05
"829","Chicago","04","6",46.8,"C",0000-04-06
"830","Chicago","04","7",47.2,"C",0000-04-07
"831","Chicago","04","8",47.6,"C",0000-04-08
"832","Chicago","04","9",48,"C",0000-04-09
"833","Chicago","04","10",48.4,"C",0000-04-10
"834","Chicago","04","11",48.7,"C",0000-04-11
"835","Chicago","04","12",49.1,"C",0000-04-12
"836","Chicago","04","13",49.5,"C",0000-04-13
"837","Chicago","04","14",49.9,"C",0000-04-14
"838","Chicago","04","15",50.3,"C",0000-04-15
"839","Chicago","04","16",50.7,"C",0000-04-16
"840","Chicago","04","17",51.1,"C",0000-04-17
"841","Chicago","04","18",51.5,"C",0000-04-18
"842","Chicago","04","19",51.9,"C",0000-04-19
"843","Chicago","04","20",52.2,"C",0000-04-20
"844","Chicago","04","21",52.6,"C",0000-04-21
"845","Chicago","04","22",53,"C",0000-04-22
"846","Chicago","04","23",53.4,"C",0000-04-23
"847","Chicago","04","24",53.7,"C",0000-04-24
"848","Chicago","04","25",54.1,"C",0000-04-25
"849","Chicago","04","26",54.5,"C",0000-04-26
"850","Chicago","04","27",54.8,"C",0000-04-27
"851","Chicago","04","28",55.2,"C",0000-04-28
"852","Chicago","04","29",55.5,"C",0000-04-29
"853","Chicago","04","30",55.8,"C",0000-04-30
"854","Chicago","05","1",56.2,"C",0000-05-01
"855","Chicago","05","2",56.5,"C",0000-05-02
"856","Chicago","05","3",56.8,"C",0000-05-03
"857","Chicago","05","4",57.2,"C",0000-05-04
"858","Chicago","05","5",57.5,"C",0000-05-05
"859","Chicago","05","6",57.8,"C",0000-05-06
"860","Chicago","05","7",58.1,"C",0000-05-07
"861","Chicago","05","8",58.4,"C",0000-05-08
"862","Chicago","05","9",58.7,"C",0000-05-09
"863","Chicago","05","10",59,"C",0000-05-10
"864","Chicago","05","11",59.3,"C",0000-05-11
"865","Chicago","05","12",59.6,"C",0000-05-12
"866","Chicago","05","13",60,"C",0000-05-13
"867","Chicago","05","14",60.3,"C",0000-05-14
"868","Chicago","05","15",60.6,"C",0000-05-15
"869","Chicago","05","16",60.9,"C",0000-05-16
"870","Chicago","05","17",61.2,"C",0000-05-17
"871","Chicago","05","18",61.5,"C",0000-05-18
"872","Chicago","05","19",61.8,"C",0000-05-19
"873","Chicago","05","20",62.1,"C",0000-05-20
"874","Chicago","05","21",62.4,"C",0000-05-21
"875","Chicago","05","22",62.7,"C",0000-05-22
"876","Chicago","05","23",63,"C",0000-05-23
"877","Chicago","05","24",63.4,"C",0000-05-24
"878","Chicago","05","25",63.7,"C",0000-05-25
"879","Chicago","05","26",64,"C",0000-05-26
"880","Chicago","05","27",64.4,"C",0000-05-27
"881","Chicago","05","28",64.7,"C",0000-05-28
"882","Chicago","05","29",65,"C",0000-05-29
"883","Chicago","05","30",65.4,"C",0000-05-30
"884","Chicago","05","31",65.7,"C",0000-05-31
"885","Chicago","06","1",66.1,"C",0000-06-01
"886","Chicago","06","2",66.4,"C",0000-06-02
"887","Chicago","06","3",66.8,"C",0000-06-03
"888","Chicago","06","4",67.2,"C",0000-06-04
"889","Chicago","06","5",67.5,"C",0000-06-05
"890","Chicago","06","6",67.9,"C",0000-06-06
"891","Chicago","06","7",68.2,"C",0000-06-07
"892","Chicago","06","8",68.6,"C",0000-06-08
"893","Chicago","06","9",69,"C",0000-06-09
"894","Chicago","06","10",69.3,"C",0000-06-10
"895","Chicago","06","11",69.7,"C",0000-06-11
"896","Chicago","06","12",70,"C",0000-06-12
"897","Chicago","06","13",70.4,"C",0000-06-13
"898","Chicago","06","14",70.7,"C",0000-06-14
"899","Chicago","06","15",71.1,"C",0000-06-15
"900","Chicago","06","16",71.4,"C",0000-06-16
"901","Chicago","06","17",71.7,"C",0000-06-17
"902","Chicago","06","18",72.1,"C",0000-06-18
"903","Chicago","06","19",72.4,"C",0000-06-19
"904","Chicago","06","20",72.7,"C",0000-06-20
"905","Chicago","06","21",73,"C",0000-06-21
"906","Chicago","06","22",73.2,"C",0000-06-22
"907","Chicago","06","23",73.5,"C",0000-06-23
"908","Chicago","06","24",73.8,"C",0000-06-24
"909","Chicago","06","25",74,"C",0000-06-25
"910","Chicago","06","26",74.3,"C",0000-06-26
"911","Chicago","06","27",74.5,"C",0000-06-27
"912","Chicago","06","28",74.7,"C",0000-06-28
"913","Chicago","06","29",74.9,"C",0000-06-29
"914","Chicago","06","30",75.1,"C",0000-06-30
"915","Chicago","07","1",75.2,"C",0000-07-01
"916","Chicago","07","2",75.4,"C",0000-07-02
"917","Chicago","07","3",75.5,"C",0000-07-03
"918","Chicago","07","4",75.6,"C",0000-07-04
"919","Chicago","07","5",75.7,"C",0000-07-05
"920","Chicago","07","6",75.8,"C",0000-07-06
"921","Chicago","07","7",75.9,"C",0000-07-07
"922","Chicago","07","8",76,"C",0000-07-08
"923","Chicago","07","9",76,"C",0000-07-09
"924","Chicago","07","10",76.1,"C",0000-07-10
"925","Chicago","07","11",76.1,"C",0000-07-11
"926","Chicago","07","12",76.1,"C",0000-07-12
"927","Chicago","07","13",76.2,"C",0000-07-13
"928","Chicago","07","14",76.2,"C",0000-07-14
"929","Chicago","07","15",76.2,"C",0000-07-15
"930","Chicago","07","16",76.1,"C",0000-07-16
"931","Chicago","07","17",76.1,"C",0000-07-17
"932","Chicago","07","18",76.1,"C",0000-07-18
"933","Chicago","07","19",76.1,"C",0000-07-19
"934","Chicago","07","20",76,"C",0000-07-20
"935","Chicago","07","21",76,"C",0000-07-21
"936","Chicago","07","22",75.9,"C",0000-07-22
"937","Chicago","07","23",75.9,"C",0000-07-23
"938","Chicago","07","24",75.8,"C",0000-07-24
"939","Chicago","07","25",75.8,"C",0000-07-25
"940","Chicago","07","26",75.7,"C",0000-07-26
"941","Chicago","07","27",75.7,"C",0000-07-27
"942","Chicago","07","28",75.6,"C",0000-07-28
"943","Chicago","07","29",75.5,"C",0000-07-29
"944","Chicago","07","30",75.5,"C",0000-07-30
"945","Chicago","07","31",75.4,"C",0000-07-31
"946","Chicago","08","1",75.4,"C",0000-08-01
"947","Chicago","08","2",75.3,"C",0000-08-02
"948","Chicago","08","3",75.2,"C",0000-08-03
"949","Chicago","08","4",75.2,"C",0000-08-04
"950","Chicago","08","5",75.1,"C",0000-08-05
"951","Chicago","08","6",75.1,"C",0000-08-06
"952","Chicago","08","7",75,"C",0000-08-07
"953","Chicago","08","8",75,"C",0000-08-08
"954","Chicago","08","9",74.9,"C",0000-08-09
"955","Chicago","08","10",74.8,"C",0000-08-10
"956","Chicago","08","11",74.8,"C",0000-08-11
"957","Chicago","08","12",74.7,"C",0000-08-12
"958","Chicago","08","13",74.6,"C",0000-08-13
"959","Chicago","08","14",74.6,"C",0000-08-14
"960","Chicago","08","15",74.5,"C",0000-08-15
"961","Chicago","08","16",74.4,"C",0000-08-16
"962","Chicago","08","17",74.3,"C",0000-08-17
"963","Chicago","08","18",74.2,"C",0000-08-18
"964","Chicago","08","19",74.1,"C",0000-08-19
"965","Chicago","08","20",74,"C",0000-08-20
"966","Chicago","08","21",73.9,"C",0000-08-21
"967","Chicago","08","22",73.7,"C",0000-08-22
"968","Chicago","08","23",73.6,"C",0000-08-23
"969","Chicago","08","24",73.4,"C",0000-08-24
"970","Chicago","08","25",73.3,"C",0000-08-25
"971","Chicago","08","26",73.1,"C",0000-08-26
"972","Chicago","08","27",72.9,"C",0000-08-27
"973","Chicago","08","28",72.7,"C",0000-08-28
"974","Chicago","08","29",72.5,"C",0000-08-29
"975","Chicago","08","30",72.3,"C",0000-08-30
"976","Chicago","08","31",72,"C",0000-08-31
"977","Chicago","09","1",71.8,"C",0000-09-01
"978","Chicago","09","2",71.5,"C",0000-09-02
"979","Chicago","09","3",71.2,"C",0000-09-03
"980","Chicago","09","4",70.9,"C",0000-09-04
"981","Chicago","09","5",70.6,"C",0000-09-05
"982","Chicago","09","6",70.3,"C",0000-09-06
"983","Chicago","09","7",69.9,"C",0000-09-07
"984","Chicago","09","8",69.6,"C",0000-09-08
"985","Chicago","09","9",69.2,"C",0000-09-09
"986","Chicago","09","10",68.8,"C",0000-09-10
"987","Chicago","09","11",68.5,"C",0000-09-11
"988","Chicago","09","12",68.1,"C",0000-09-12
"989","Chicago","09","13",67.7,"C",0000-09-13
"990","Chicago","09","14",67.2,"C",0000-09-14
"991","Chicago","09","15",66.8,"C",0000-09-15
"992","Chicago","09","16",66.4,"C",0000-09-16
"993","Chicago","09","17",66,"C",0000-09-17
"994","Chicago","09","18",65.5,"C",0000-09-18
"995","Chicago","09","19",65.1,"C",0000-09-19
"996","Chicago","09","20",64.7,"C",0000-09-20
"997","Chicago","09","21",64.2,"C",0000-09-21
"998","Chicago","09","22",63.8,"C",0000-09-22
"999","Chicago","09","23",63.3,"C",0000-09-23
"1000","Chicago","09","24",62.9,"C",0000-09-24
"1001","Chicago","09","25",62.4,"C",0000-09-25
"1002","Chicago","09","26",62,"C",0000-09-26
"1003","Chicago","09","27",61.6,"C",0000-09-27
"1004","Chicago","09","28",61.1,"C",0000-09-28
"1005","Chicago","09","29",60.7,"C",0000-09-29
"1006","Chicago","09","30",60.3,"C",0000-09-30
"1007","Chicago","10","1",59.9,"C",0000-10-01
"1008","Chicago","10","2",59.4,"C",0000-10-02
"1009","Chicago","10","3",59,"C",0000-10-03
"1010","Chicago","10","4",58.6,"C",0000-10-04
"1011","Chicago","10","5",58.2,"C",0000-10-05
"1012","Chicago","10","6",57.8,"C",0000-10-06
"1013","Chicago","10","7",57.5,"C",0000-10-07
"1014","Chicago","10","8",57.1,"C",0000-10-08
"1015","Chicago","10","9",56.7,"C",0000-10-09
"1016","Chicago","10","10",56.3,"C",0000-10-10
"1017","Chicago","10","11",56,"C",0000-10-11
"1018","Chicago","10","12",55.6,"C",0000-10-12
"1019","Chicago","10","13",55.3,"C",0000-10-13
"1020","Chicago","10","14",54.9,"C",0000-10-14
"1021","Chicago","10","15",54.5,"C",0000-10-15
"1022","Chicago","10","16",54.2,"C",0000-10-16
"1023","Chicago","10","17",53.9,"C",0000-10-17
"1024","Chicago","10","18",53.5,"C",0000-10-18
"1025","Chicago","10","19",53.2,"C",0000-10-19
"1026","Chicago","10","20",52.8,"C",0000-10-20
"1027","Chicago","10","21",52.5,"C",0000-10-21
"1028","Chicago","10","22",52.1,"C",0000-10-22
"1029","Chicago","10","23",51.8,"C",0000-10-23
"1030","Chicago","10","24",51.4,"C",0000-10-24
"1031","Chicago","10","25",51.1,"C",0000-10-25
"1032","Chicago","10","26",50.7,"C",0000-10-26
"1033","Chicago","10","27",50.3,"C",0000-10-27
"1034","Chicago","10","28",49.9,"C",0000-10-28
"1035","Chicago","10","29",49.6,"C",0000-10-29
"1036","Chicago","10","30",49.2,"C",0000-10-30
"1037","Chicago","10","31",48.8,"C",0000-10-31
"1038","Chicago","11","1",48.4,"C",0000-11-01
"1039","Chicago","11","2",48,"C",0000-11-02
"1040","Chicago","11","3",47.5,"C",0000-11-03
"1041","Chicago","11","4",47.1,"C",0000-11-04
"1042","Chicago","11","5",46.7,"C",0000-11-05
"1043","Chicago","11","6",46.2,"C",0000-11-06
"1044","Chicago","11","7",45.8,"C",0000-11-07
"1045","Chicago","11","8",45.3,"C",0000-11-08
"1046","Chicago","11","9",44.8,"C",0000-11-09
"1047","Chicago","11","10",44.4,"C",0000-11-10
"1048","Chicago","11","11",43.9,"C",0000-11-11
"1049","Chicago","11","12",43.4,"C",0000-11-12
"1050","Chicago","11","13",42.9,"C",0000-11-13
"1051","Chicago","11","14",42.4,"C",0000-11-14
"1052","Chicago","11","15",41.9,"C",0000-11-15
"1053","Chicago","11","16",41.4,"C",0000-11-16
"1054","Chicago","11","17",40.9,"C",0000-11-17
"1055","Chicago","11","18",40.4,"C",0000-11-18
"1056","Chicago","11","19",39.9,"C",0000-11-19
"1057","Chicago","11","20",39.4,"C",0000-11-20
"1058","Chicago","11","21",38.8,"C",0000-11-21
"1059","Chicago","11","22",38.3,"C",0000-11-22
"1060","Chicago","11","23",37.8,"C",0000-11-23
"1061","Chicago","11","24",37.3,"C",0000-11-24
"1062","Chicago","11","25",36.8,"C",0000-11-25
"1063","Chicago","11","26",36.3,"C",0000-11-26
"1064","Chicago","11","27",35.8,"C",0000-11-27
"1065","Chicago","11","28",35.4,"C",0000-11-28
"1066","Chicago","11","29",34.9,"C",0000-11-29
"1067","Chicago","11","30",34.4,"C",0000-11-30
"1068","Chicago","12","1",34,"C",0000-12-01
"1069","Chicago","12","2",33.5,"C",0000-12-02
"1070","Chicago","12","3",33.1,"C",0000-12-03
"1071","Chicago","12","4",32.7,"C",0000-12-04
"1072","Chicago","12","5",32.2,"C",0000-12-05
"1073","Chicago","12","6",31.8,"C",0000-12-06
"1074","Chicago","12","7",31.5,"C",0000-12-07
"1075","Chicago","12","8",31.1,"C",0000-12-08
"1076","Chicago","12","9",30.7,"C",0000-12-09
"1077","Chicago","12","10",30.4,"C",0000-12-10
"1078","Chicago","12","11",30,"C",0000-12-11
"1079","Chicago","12","12",29.7,"C",0000-12-12
"1080","Chicago","12","13",29.4,"C",0000-12-13
"1081","Chicago","12","14",29.1,"C",0000-12-14
"1082","Chicago","12","15",28.8,"C",0000-12-15
"1083","Chicago","12","16",28.5,"C",0000-12-16
"1084","Chicago","12","17",28.3,"C",0000-12-17
"1085","Chicago","12","18",28,"C",0000-12-18
"1086","Chicago","12","19",27.8,"C",0000-12-19
"1087","Chicago","12","20",27.6,"C",0000-12-20
"1088","Chicago","12","21",27.3,"C",0000-12-21
"1089","Chicago","12","22",27.1,"C",0000-12-22
"1090","Chicago","12","23",26.9,"C",0000-12-23
"1091","Chicago","12","24",26.7,"C",0000-12-24
"1092","Chicago","12","25",26.6,"C",0000-12-25
"1093","Chicago","12","26",26.4,"C",0000-12-26
"1094","Chicago","12","27",26.2,"C",0000-12-27
"1095","Chicago","12","28",26.1,"C",0000-12-28
"1096","Chicago","12","29",26,"C",0000-12-29
"1097","Chicago","12","30",25.8,"C",0000-12-30
"1098","Chicago","12","31",25.7,"C",0000-12-31
"1099","Barrow","01","1",-11.3,"C",0000-01-01
"1100","Barrow","01","2",-11.5,"C",0000-01-02
"1101","Barrow","01","3",-11.8,"C",0000-01-03
"1102","Barrow","01","4",-12,"C",0000-01-04
"1103","Barrow","01","5",-12.1,"C",0000-01-05
"1104","Barrow","01","6",-12.3,"C",0000-01-06
"1105","Barrow","01","7",-12.5,"C",0000-01-07
"1106","Barrow","01","8",-12.7,"C",0000-01-08
"1107","Barrow","01","9",-12.9,"C",0000-01-09
"1108","Barrow","01","10",-13,"C",0000-01-10
"1109","Barrow","01","11",-13.2,"C",0000-01-11
"1110","Barrow","01","12",-13.3,"C",0000-01-12
"1111","Barrow","01","13",-13.4,"C",0000-01-13
"1112","Barrow","01","14",-13.6,"C",0000-01-14
"1113","Barrow","01","15",-13.7,"C",0000-01-15
"1114","Barrow","01","16",-13.8,"C",0000-01-16
"1115","Barrow","01","17",-13.9,"C",0000-01-17
"1116","Barrow","01","18",-13.9,"C",0000-01-18
"1117","Barrow","01","19",-14,"C",0000-01-19
"1118","Barrow","01","20",-14.1,"C",0000-01-20
"1119","Barrow","01","21",-14.1,"C",0000-01-21
"1120","Barrow","01","22",-14.2,"C",0000-01-22
"1121","Barrow","01","23",-14.2,"C",0000-01-23
"1122","Barrow","01","24",-14.2,"C",0000-01-24
"1123","Barrow","01","25",-14.3,"C",0000-01-25
"1124","Barrow","01","26",-14.3,"C",0000-01-26
"1125","Barrow","01","27",-14.3,"C",0000-01-27
"1126","Barrow","01","28",-14.3,"C",0000-01-28
"1127","Barrow","01","29",-14.3,"C",0000-01-29
"1128","Barrow","01","30",-14.3,"C",0000-01-30
"1129","Barrow","01","31",-14.3,"C",0000-01-31
"1130","Barrow","02","1",-14.2,"C",0000-02-01
"1131","Barrow","02","2",-14.2,"C",0000-02-02
"1132","Barrow","02","3",-14.2,"C",0000-02-03
"1133","Barrow","02","4",-14.2,"C",0000-02-04
"1134","Barrow","02","5",-14.2,"C",0000-02-05
"1135","Barrow","02","6",-14.2,"C",0000-02-06
"1136","Barrow","02","7",-14.1,"C",0000-02-07
"1137","Barrow","02","8",-14.1,"C",0000-02-08
"1138","Barrow","02","9",-14.1,"C",0000-02-09
"1139","Barrow","02","10",-14.1,"C",0000-02-10
"1140","Barrow","02","11",-14.1,"C",0000-02-11
"1141","Barrow","02","12",-14.1,"C",0000-02-12
"1142","Barrow","02","13",-14.1,"C",0000-02-13
"1143","Barrow","02","14",-14.1,"C",0000-02-14
"1144","Barrow","02","15",-14.1,"C",0000-02-15
"1145","Barrow","02","16",-14.1,"C",0000-02-16
"1146","Barrow","02","17",-14.1,"C",0000-02-17
"1147","Barrow","02","18",-14.2,"C",0000-02-18
"1148","Barrow","02","19",-14.2,"C",0000-02-19
"1149","Barrow","02","20",-14.2,"C",0000-02-20
"1150","Barrow","02","21",-14.2,"C",0000-02-21
"1151","Barrow","02","22",-14.3,"C",0000-02-22
"1152","Barrow","02","23",-14.3,"C",0000-02-23
"1153","Barrow","02","24",-14.3,"C",0000-02-24
"1154","Barrow","02","25",-14.3,"C",0000-02-25
"1155","Barrow","02","26",-14.4,"C",0000-02-26
"1156","Barrow","02","27",-14.4,"C",0000-02-27
"1157","Barrow","02","28",-14.4,"C",0000-02-28
"1158","Barrow","02","29",-14.4,"C",0000-02-29
"1159","Barrow","03","1",-14.4,"S",0000-03-01
"1160","Barrow","03","2",-14.4,"S",0000-03-02
"1161","Barrow","03","3",-14.5,"S",0000-03-03
"1162","Barrow","03","4",-14.5,"S",0000-03-04
"1163","Barrow","03","5",-14.4,"S",0000-03-05
"1164","Barrow","03","6",-14.4,"S",0000-03-06
"1165","Barrow","03","7",-14.4,"S",0000-03-07
"1166","Barrow","03","8",-14.3,"S",0000-03-08
"1167","Barrow","03","9",-14.3,"S",0000-03-09
"1168","Barrow","03","10",-14.2,"S",0000-03-10
"1169","Barrow","03","11",-14.1,"S",0000-03-11
"1170","Barrow","03","12",-14,"S",0000-03-12
"1171","Barrow","03","13",-13.9,"S",0000-03-13
"1172","Barrow","03","14",-13.8,"S",0000-03-14
"1173","Barrow","03","15",-13.6,"S",0000-03-15
"1174","Barrow","03","16",-13.4,"S",0000-03-16
"1175","Barrow","03","17",-13.2,"S",0000-03-17
"1176","Barrow","03","18",-13,"S",0000-03-18
"1177","Barrow","03","19",-12.8,"S",0000-03-19
"1178","Barrow","03","20",-12.5,"S",0000-03-20
"1179","Barrow","03","21",-12.2,"S",0000-03-21
"1180","Barrow","03","22",-11.9,"S",0000-03-22
"1181","Barrow","03","23",-11.6,"S",0000-03-23
"1182","Barrow","03","24",-11.2,"S",0000-03-24
"1183","Barrow","03","25",-10.9,"S",0000-03-25
"1184","Barrow","03","26",-10.5,"S",0000-03-26
"1185","Barrow","03","27",-10,"S",0000-03-27
"1186","Barrow","03","28",-9.6,"S",0000-03-28
"1187","Barrow","03","29",-9.1,"S",0000-03-29
"1188","Barrow","03","30",-8.6,"S",0000-03-30
"1189","Barrow","03","31",-8.1,"S",0000-03-31
"1190","Barrow","04","1",-7.6,"C",0000-04-01
"1191","Barrow","04","2",-7,"C",0000-04-02
"1192","Barrow","04","3",-6.5,"C",0000-04-03
"1193","Barrow","04","4",-5.9,"C",0000-04-04
"1194","Barrow","04","5",-5.3,"C",0000-04-05
"1195","Barrow","04","6",-4.7,"C",0000-04-06
"1196","Barrow","04","7",-4.1,"C",0000-04-07
"1197","Barrow","04","8",-3.4,"C",0000-04-08
"1198","Barrow","04","9",-2.8,"C",0000-04-09
"1199","Barrow","04","10",-2.1,"C",0000-04-10
"1200","Barrow","04","11",-1.4,"C",0000-04-11
"1201","Barrow","04","12",-0.8,"C",0000-04-12
"1202","Barrow","04","13",-0.1,"C",0000-04-13
"1203","Barrow","04","14",0.6,"C",0000-04-14
"1204","Barrow","04","15",1.3,"C",0000-04-15
"1205","Barrow","04","16",2,"C",0000-04-16
"1206","Barrow","04","17",2.7,"C",0000-04-17
"1207","Barrow","04","18",3.4,"C",0000-04-18
"1208","Barrow","04","19",4.1,"C",0000-04-19
"1209","Barrow","04","20",4.8,"C",0000-04-20
"1210","Barrow","04","21",5.5,"C",0000-04-21
"1211","Barrow","04","22",6.2,"C",0000-04-22
"1212","Barrow","04","23",6.9,"C",0000-04-23
"1213","Barrow","04","24",7.6,"C",0000-04-24
"1214","Barrow","04","25",8.3,"C",0000-04-25
"1215","Barrow","04","26",9,"C",0000-04-26
"1216","Barrow","04","27",9.7,"C",0000-04-27
"1217","Barrow","04","28",10.4,"C",0000-04-28
"1218","Barrow","04","29",11,"C",0000-04-29
"1219","Barrow","04","30",11.7,"C",0000-04-30
"1220","Barrow","05","1",12.3,"C",0000-05-01
"1221","Barrow","05","2",13,"C",0000-05-02
"1222","Barrow","05","3",13.6,"C",0000-05-03
"1223","Barrow","05","4",14.3,"C",0000-05-04
"1224","Barrow","05","5",14.9,"C",0000-05-05
"1225","Barrow","05","6",15.5,"C",0000-05-06
"1226","Barrow","05","7",16.1,"C",0000-05-07
"1227","Barrow","05","8",16.7,"C",0000-05-08
"1228","Barrow","05","9",17.3,"C",0000-05-09
"1229","Barrow","05","10",17.9,"C",0000-05-10
"1230","Barrow","05","11",18.5,"C",0000-05-11
"1231","Barrow","05","12",19.1,"C",0000-05-12
"1232","Barrow","05","13",19.6,"C",0000-05-13
"1233","Barrow","05","14",20.2,"C",0000-05-14
"1234","Barrow","05","15",20.8,"C",0000-05-15
"1235","Barrow","05","16",21.3,"C",0000-05-16
"1236","Barrow","05","17",21.9,"C",0000-05-17
"1237","Barrow","05","18",22.4,"C",0000-05-18
"1238","Barrow","05","19",23,"C",0000-05-19
"1239","Barrow","05","20",23.5,"C",0000-05-20
"1240","Barrow","05","21",24.1,"C",0000-05-21
"1241","Barrow","05","22",24.6,"C",0000-05-22
"1242","Barrow","05","23",25.1,"C",0000-05-23
"1243","Barrow","05","24",25.7,"C",0000-05-24
"1244","Barrow","05","25",26.2,"C",0000-05-25
"1245","Barrow","05","26",26.7,"C",0000-05-26
"1246","Barrow","05","27",27.2,"C",0000-05-27
"1247","Barrow","05","28",27.7,"C",0000-05-28
"1248","Barrow","05","29",28.3,"C",0000-05-29
"1249","Barrow","05","30",28.8,"C",0000-05-30
"1250","Barrow","05","31",29.3,"C",0000-05-31
"1251","Barrow","06","1",29.8,"C",0000-06-01
"1252","Barrow","06","2",30.2,"C",0000-06-02
"1253","Barrow","06","3",30.7,"C",0000-06-03
"1254","Barrow","06","4",31.2,"C",0000-06-04
"1255","Barrow","06","5",31.7,"C",0000-06-05
"1256","Barrow","06","6",32.1,"C",0000-06-06
"1257","Barrow","06","7",32.6,"C",0000-06-07
"1258","Barrow","06","8",33,"C",0000-06-08
"1259","Barrow","06","9",33.5,"C",0000-06-09
"1260","Barrow","06","10",33.9,"C",0000-06-10
"1261","Barrow","06","11",34.3,"C",0000-06-11
"1262","Barrow","06","12",34.7,"C",0000-06-12
"1263","Barrow","06","13",35.1,"C",0000-06-13
"1264","Barrow","06","14",35.5,"C",0000-06-14
"1265","Barrow","06","15",35.9,"C",0000-06-15
"1266","Barrow","06","16",36.3,"C",0000-06-16
"1267","Barrow","06","17",36.6,"C",0000-06-17
"1268","Barrow","06","18",37,"C",0000-06-18
"1269","Barrow","06","19",37.3,"C",0000-06-19
"1270","Barrow","06","20",37.6,"C",0000-06-20
"1271","Barrow","06","21",37.9,"C",0000-06-21
"1272","Barrow","06","22",38.2,"C",0000-06-22
"1273","Barrow","06","23",38.5,"C",0000-06-23
"1274","Barrow","06","24",38.7,"C",0000-06-24
"1275","Barrow","06","25",39,"C",0000-06-25
"1276","Barrow","06","26",39.2,"C",0000-06-26
"1277","Barrow","06","27",39.4,"C",0000-06-27
"1278","Barrow","06","28",39.6,"C",0000-06-28
"1279","Barrow","06","29",39.8,"C",0000-06-29
"1280","Barrow","06","30",40,"C",0000-06-30
"1281","Barrow","07","1",40.1,"C",0000-07-01
"1282","Barrow","07","2",40.3,"C",0000-07-02
"1283","Barrow","07","3",40.4,"C",0000-07-03
"1284","Barrow","07","4",40.5,"C",0000-07-04
"1285","Barrow","07","5",40.6,"C",0000-07-05
"1286","Barrow","07","6",40.7,"C",0000-07-06
"1287","Barrow","07","7",40.8,"C",0000-07-07
"1288","Barrow","07","8",40.9,"C",0000-07-08
"1289","Barrow","07","9",41,"C",0000-07-09
"1290","Barrow","07","10",41,"C",0000-07-10
"1291","Barrow","07","11",41,"C",0000-07-11
"1292","Barrow","07","12",41.1,"C",0000-07-12
"1293","Barrow","07","13",41.1,"C",0000-07-13
"1294","Barrow","07","14",41.1,"C",0000-07-14
"1295","Barrow","07","15",41.1,"C",0000-07-15
"1296","Barrow","07","16",41.1,"C",0000-07-16
"1297","Barrow","07","17",41.1,"C",0000-07-17
"1298","Barrow","07","18",41.1,"C",0000-07-18
"1299","Barrow","07","19",41.1,"C",0000-07-19
"1300","Barrow","07","20",41.1,"C",0000-07-20
"1301","Barrow","07","21",41,"C",0000-07-21
"1302","Barrow","07","22",41,"C",0000-07-22
"1303","Barrow","07","23",41,"C",0000-07-23
"1304","Barrow","07","24",40.9,"C",0000-07-24
"1305","Barrow","07","25",40.9,"C",0000-07-25
"1306","Barrow","07","26",40.8,"C",0000-07-26
"1307","Barrow","07","27",40.8,"C",0000-07-27
"1308","Barrow","07","28",40.7,"C",0000-07-28
"1309","Barrow","07","29",40.7,"C",0000-07-29
"1310","Barrow","07","30",40.6,"C",0000-07-30
"1311","Barrow","07","31",40.5,"C",0000-07-31
"1312","Barrow","08","1",40.5,"C",0000-08-01
"1313","Barrow","08","2",40.4,"C",0000-08-02
"1314","Barrow","08","3",40.3,"C",0000-08-03
"1315","Barrow","08","4",40.3,"C",0000-08-04
"1316","Barrow","08","5",40.2,"C",0000-08-05
"1317","Barrow","08","6",40.1,"C",0000-08-06
"1318","Barrow","08","7",40.1,"C",0000-08-07
"1319","Barrow","08","8",40,"C",0000-08-08
"1320","Barrow","08","9",39.9,"C",0000-08-09
"1321","Barrow","08","10",39.8,"C",0000-08-10
"1322","Barrow","08","11",39.7,"C",0000-08-11
"1323","Barrow","08","12",39.6,"C",0000-08-12
"1324","Barrow","08","13",39.5,"C",0000-08-13
"1325","Barrow","08","14",39.4,"C",0000-08-14
"1326","Barrow","08","15",39.3,"C",0000-08-15
"1327","Barrow","08","16",39.2,"C",0000-08-16
"1328","Barrow","08","17",39.1,"C",0000-08-17
"1329","Barrow","08","18",39,"C",0000-08-18
"1330","Barrow","08","19",38.8,"C",0000-08-19
"1331","Barrow","08","20",38.7,"C",0000-08-20
"1332","Barrow","08","21",38.6,"C",0000-08-21
"1333","Barrow","08","22",38.4,"C",0000-08-22
"1334","Barrow","08","23",38.3,"C",0000-08-23
"1335","Barrow","08","24",38.1,"C",0000-08-24
"1336","Barrow","08","25",37.9,"C",0000-08-25
"1337","Barrow","08","26",37.8,"C",0000-08-26
"1338","Barrow","08","27",37.6,"C",0000-08-27
"1339","Barrow","08","28",37.4,"C",0000-08-28
"1340","Barrow","08","29",37.2,"C",0000-08-29
"1341","Barrow","08","30",37,"C",0000-08-30
"1342","Barrow","08","31",36.8,"C",0000-08-31
"1343","Barrow","09","1",36.6,"C",0000-09-01
"1344","Barrow","09","2",36.4,"C",0000-09-02
"1345","Barrow","09","3",36.1,"C",0000-09-03
"1346","Barrow","09","4",35.9,"C",0000-09-04
"1347","Barrow","09","5",35.7,"C",0000-09-05
"1348","Barrow","09","6",35.4,"C",0000-09-06
"1349","Barrow","09","7",35.1,"C",0000-09-07
"1350","Barrow","09","8",34.9,"C",0000-09-08
"1351","Barrow","09","9",34.6,"C",0000-09-09
"1352","Barrow","09","10",34.3,"C",0000-09-10
"1353","Barrow","09","11",34,"C",0000-09-11
"1354","Barrow","09","12",33.7,"C",0000-09-12
"1355","Barrow","09","13",33.3,"C",0000-09-13
"1356","Barrow","09","14",33,"C",0000-09-14
"1357","Barrow","09","15",32.7,"C",0000-09-15
"1358","Barrow","09","16",32.3,"C",0000-09-16
"1359","Barrow","09","17",32,"C",0000-09-17
"1360","Barrow","09","18",31.6,"C",0000-09-18
"1361","Barrow","09","19",31.2,"C",0000-09-19
"1362","Barrow","09","20",30.8,"C",0000-09-20
"1363","Barrow","09","21",30.4,"C",0000-09-21
"1364","Barrow","09","22",30,"C",0000-09-22
"1365","Barrow","09","23",29.6,"C",0000-09-23
"1366","Barrow","09","24",29.2,"C",0000-09-24
"1367","Barrow","09","25",28.8,"C",0000-09-25
"1368","Barrow","09","26",28.3,"C",0000-09-26
"1369","Barrow","09","27",27.8,"C",0000-09-27
"1370","Barrow","09","28",27.4,"C",0000-09-28
"1371","Barrow","09","29",26.9,"C",0000-09-29
"1372","Barrow","09","30",26.4,"C",0000-09-30
"1373","Barrow","10","1",25.9,"S",0000-10-01
"1374","Barrow","10","2",25.4,"S",0000-10-02
"1375","Barrow","10","3",24.9,"S",0000-10-03
"1376","Barrow","10","4",24.4,"S",0000-10-04
"1377","Barrow","10","5",23.8,"S",0000-10-05
"1378","Barrow","10","6",23.3,"S",0000-10-06
"1379","Barrow","10","7",22.7,"S",0000-10-07
"1380","Barrow","10","8",22.1,"S",0000-10-08
"1381","Barrow","10","9",21.6,"S",0000-10-09
"1382","Barrow","10","10",21,"S",0000-10-10
"1383","Barrow","10","11",20.4,"S",0000-10-11
"1384","Barrow","10","12",19.8,"S",0000-10-12
"1385","Barrow","10","13",19.2,"S",0000-10-13
"1386","Barrow","10","14",18.6,"S",0000-10-14
"1387","Barrow","10","15",18,"S",0000-10-15
"1388","Barrow","10","16",17.3,"S",0000-10-16
"1389","Barrow","10","17",16.7,"S",0000-10-17
"1390","Barrow","10","18",16.1,"S",0000-10-18
"1391","Barrow","10","19",15.5,"S",0000-10-19
"1392","Barrow","10","20",14.8,"S",0000-10-20
"1393","Barrow","10","21",14.2,"S",0000-10-21
"1394","Barrow","10","22",13.6,"S",0000-10-22
"1395","Barrow","10","23",12.9,"S",0000-10-23
"1396","Barrow","10","24",12.3,"S",0000-10-24
"1397","Barrow","10","25",11.7,"S",0000-10-25
"1398","Barrow","10","26",11.1,"S",0000-10-26
"1399","Barrow","10","27",10.4,"S",0000-10-27
"1400","Barrow","10","28",9.8,"S",0000-10-28
"1401","Barrow","10","29",9.2,"S",0000-10-29
"1402","Barrow","10","30",8.6,"S",0000-10-30
"1403","Barrow","10","31",8,"S",0000-10-31
"1404","Barrow","11","1",7.4,"C",0000-11-01
"1405","Barrow","11","2",6.8,"C",0000-11-02
"1406","Barrow","11","3",6.3,"C",0000-11-03
"1407","Barrow","11","4",5.7,"C",0000-11-04
"1408","Barrow","11","5",5.2,"C",0000-11-05
"1409","Barrow","11","6",4.6,"C",0000-11-06
"1410","Barrow","11","7",4.1,"C",0000-11-07
"1411","Barrow","11","8",3.6,"C",0000-11-08
"1412","Barrow","11","9",3.1,"C",0000-11-09
"1413","Barrow","11","10",2.6,"C",0000-11-10
"1414","Barrow","11","11",2.1,"C",0000-11-11
"1415","Barrow","11","12",1.7,"C",0000-11-12
"1416","Barrow","11","13",1.2,"C",0000-11-13
"1417","Barrow","11","14",0.8,"C",0000-11-14
"1418","Barrow","11","15",0.4,"C",0000-11-15
"1419","Barrow","11","16",0,"C",0000-11-16
"1420","Barrow","11","17",-0.4,"C",0000-11-17
"1421","Barrow","11","18",-0.8,"C",0000-11-18
"1422","Barrow","11","19",-1.1,"C",0000-11-19
"1423","Barrow","11","20",-1.5,"C",0000-11-20
"1424","Barrow","11","21",-1.8,"C",0000-11-21
"1425","Barrow","11","22",-2.1,"C",0000-11-22
"1426","Barrow","11","23",-2.4,"C",0000-11-23
"1427","Barrow","11","24",-2.7,"C",0000-11-24
"1428","Barrow","11","25",-3,"C",0000-11-25
"1429","Barrow","11","26",-3.3,"C",0000-11-26
"1430","Barrow","11","27",-3.5,"C",0000-11-27
"1431","Barrow","11","28",-3.8,"C",0000-11-28
"1432","Barrow","11","29",-4,"C",0000-11-29
"1433","Barrow","11","30",-4.3,"C",0000-11-30
"1434","Barrow","12","1",-4.5,"C",0000-12-01
"1435","Barrow","12","2",-4.8,"C",0000-12-02
"1436","Barrow","12","3",-5,"C",0000-12-03
"1437","Barrow","12","4",-5.2,"C",0000-12-04
"1438","Barrow","12","5",-5.4,"C",0000-12-05
"1439","Barrow","12","6",-5.6,"C",0000-12-06
"1440","Barrow","12","7",-5.8,"C",0000-12-07
"1441","Barrow","12","8",-6.1,"C",0000-12-08
"1442","Barrow","12","9",-6.3,"C",0000-12-09
"1443","Barrow","12","10",-6.5,"C",0000-12-10
"1444","Barrow","12","11",-6.7,"C",0000-12-11
"1445","Barrow","12","12",-6.9,"C",0000-12-12
"1446","Barrow","12","13",-7.1,"C",0000-12-13
"1447","Barrow","12","14",-7.3,"C",0000-12-14
"1448","Barrow","12","15",-7.5,"C",0000-12-15
"1449","Barrow","12","16",-7.8,"C",0000-12-16
"1450","Barrow","12","17",-8,"C",0000-12-17
"1451","Barrow","12","18",-8.2,"C",0000-12-18
"1452","Barrow","12","19",-8.4,"C",0000-12-19
"1453","Barrow","12","20",-8.6,"C",0000-12-20
"1454","Barrow","12","21",-8.9,"C",0000-12-21
"1455","Barrow","12","22",-9.1,"C",0000-12-22
"1456","Barrow","12","23",-9.3,"C",0000-12-23
"1457","Barrow","12","24",-9.5,"C",0000-12-24
"1458","Barrow","12","25",-9.8,"C",0000-12-25
"1459","Barrow","12","26",-10,"C",0000-12-26
"1460","Barrow","12","27",-10.2,"C",0000-12-27
"1461","Barrow","12","28",-10.5,"C",0000-12-28
"1462","Barrow","12","29",-10.7,"C",0000-12-29
"1463","Barrow","12","30",-10.9,"C",0000-12-30
"1464","Barrow","12","31",-11.1,"C",0000-12-31
